difficulty,difficultyOrder,distance,distanceExtended,elevationMax,elevationStart,fullName,id,name,notes,parking,range,seasonal
Easy,1,5.5,6.0,934,575,360 Road/Lookout Hill Rd. off of Palo Alto Rd.,360,360_Rd,360 Road/Lookout Hill Rd. off of Palo Alto Rd.,Discover,,"{""availableMonths"": [3, 4, 5], ""bestSeason"": """"}"
Easy to Mod,2,5.0,7.1,600,250,Anderson Lake State Park,anderson,And_Lk_TR,Anderson Lake State Park,Discover,,"{""availableMonths"": [3, 4, 5], ""bestSeason"": """"}"
Easy to Mod,2,5.0,5.8,829,500,Anderson Lake State Park - DNR,anderson-lake,AndLkDNR,Anderson Lake State Park - DNR,Nat'l Park/Golden,40,"{""availableMonths"": [3, 4, 5], ""bestSeason"": """"}"
Easy to Mod,2,6.0,8.0,829,500,Anderson Lake State Park - ODT,anderson-lake-state,AndLkODT,Anderson Lake State Park - ODT,,,"{""availableMonths"": [3, 4, 5], ""bestSeason"": """"}"
Mod to Diff,4,7.0,12.0,4830,3670,Aurora Creek - Sourdough Mt.,aurora,AurCk-Srd,Aurora Creek - Sourdough Mt.,N/A,52,"{""availableMonths"": [], ""bestSeason"": """"}"
Mod to Diff,4,11.0,12.4,3100,2530,Aurora Ridge - Eagle Lake◆︎,aurora-ridge,AurRdg-Eg,Aurora Ridge - Eagle Lake◆︎,N/A,,"{""availableMonths"": [], ""bestSeason"": """"}"
Mod to Diff,4,4.5,5.0,1500,1374,Badger Valley/Elk Mt. Cut-off◆︎,badger,BadgCut,Badger Valley/Elk Mt. Cut-off◆︎,,,"{""availableMonths"": [], ""bestSeason"": """"}"
Difficult,5,9.7,10.1,3000,2769,Badger Valley to Moose Lake from Obstruction Point◆︎,badger-valley,Badger,Badger Valley to Moose Lake from Obstruction Point◆︎,n/a,30,"{""availableMonths"": [], ""bestSeason"": """"}"
Mod to Diff,4,7.5,9.0,2000,1640,Barnes Creek◆︎,barnes,BarnesCr,Barnes Creek◆︎,N/A,16,"{""availableMonths"": [], ""bestSeason"": """"}"
Easy,1,0.5,,170,110,Blue Mt. - Rain Shadow Trail◆︎,blue,BlueMt-Rn,Blue Mt. - Rain Shadow Trail◆︎,NW Forest/Golden,35,"{""availableMonths"": [], ""bestSeason"": """"}"
Mod to Diff,4,7.0,8.0,,1623,Blyn Towers/ Salmon Creek,blyn,BlynMt,Blyn Towers/ Salmon Creek,Discover,29,"{""availableMonths"": [3, 4, 5], ""bestSeason"": """"}"
Mod to Diff,4,7.0,8.0,,1623,Blyn Tower from W Uncas Rd,blyn-tower,BlynTwrUncas,Blyn Tower from W Uncas Rd,,,"{""availableMonths"": [3, 4, 5], ""bestSeason"": """"}"
Easy to Mod,2,6.5,12.0,1200,500,Bogachiel River,bogachiel,Bogachiel,Bogachiel River,Nat'l Park/Golden,76,"{""availableMonths"": [], ""bestSeason"": """"}"
Mod to Diff,4,12.5,13.5,2730,2590,Boulder Shelter◆︎,boulder,BoulderSltr,Boulder Shelter◆︎,Discover,6,"{""availableMonths"": [], ""bestSeason"": """"}"
Easy to Mod,2,11.0,11.4,1154,1016,Boulder Creek◆︎,boulder-creek,BoulderCree,Boulder Creek◆︎,,,"{""availableMonths"": [], ""bestSeason"": """"}"
Easy to Mod,2,7.1,7.6,648,457,Borderline Trail to Marmot Loop from Deer Park Rd.,borderline,Boun-Marm,Borderline Trail to Marmot Loop from Deer Park Rd.,NW Forest/Golden,24,"{""availableMonths"": [3, 4, 5], ""bestSeason"": """"}"
Mod to Diff,4,12.0,14.0,3050,2643,Buckhorn Pass◆︎,buckhorn,BuckPass,Buckhorn Pass◆︎,NW Forest/Golden,83,"{""availableMonths"": [], ""bestSeason"": """"}"
Mod to Diff,4,12.4,13.3,2672,2100,Buckhorn Lake◆︎,buckhorn-lake,Buckhorn,Buckhorn Lake◆︎,NW Forest/Golden,43,"{""availableMonths"": [], ""bestSeason"": """"}"
Mod to Diff,4,6.0,8.5,2500,2000,Burnt Hill from Johnson Creek,burnt,BurntHill,Burnt Hill from Johnson Creek,Discover,40,"{""availableMonths"": [3, 4, 5], ""bestSeason"": """"}"
Mod to Diff,4,5.0,7.0,1600,1100,Burnt Hill cabin loop,burnt-hill,BurntHillCab,Burnt Hill cabin loop,,,"{""availableMonths"": [3, 4, 5], ""bestSeason"": """"}"
Easy to Mod,2,6.5,7.5,875,750,Camp Handy◆︎,camp,CampHandy,Camp Handy◆︎,N/A,30,"{""availableMonths"": [], ""bestSeason"": """"}"
Mod to Diff,4,5.0,6.0,2110,1736,Cascade Rock◆︎,cascade,CascRock,Cascade Rock◆︎,Nat'l Park/Golden,60,"{""availableMonths"": [3, 4, 5], ""bestSeason"": """"}"
Moderate,3,4.0,5.0,500,400,Cassidy Creek (Bike),cassidy,CasidyBike,Cassidy Creek (Bike),,,"{""availableMonths"": [3, 4, 5], ""bestSeason"": """"}"
Moderate,3,10.5,11.0,1550,1350,Cassidy Creek,cassidy-creek,CasidyCr,Cassidy Creek,Discover,30,"{""availableMonths"": [3, 4, 5], ""bestSeason"": """"}"
Easy to Mod,2,4.5,7.0,700,300,Cat Lake on Miller Peninsula,cat,CatLake,Cat Lake on Miller Peninsula,Nat'l Park/Golden,50,"{""availableMonths"": [3, 4, 5], ""bestSeason"": """"}"
Easy,1,5.0,5.8,316,250,Chetzemoka Park Historical Walk,chetzemoka,Chetzemoka,Chetzemoka Park Historical Walk,Nat'l Park/Golden,85,"{""availableMonths"": [], ""bestSeason"": """"}"
Easy,1,5.0,8.0,200,125,Crown Park to Reservation,crown,CrnPark,Crown Park to Reservation,N/A,,"{""availableMonths"": [3, 4, 5], ""bestSeason"": """"}"
Mod to Diff,4,7.0,9.0,2146,1946,Dan Kelly/Lk Aldwell Towers,dan,DanKelly,Dan Kelly/Lk Aldwell Towers,NW Forest/Golden,,"{""availableMonths"": [3, 4, 5], ""bestSeason"": """"}"
Mod to Diff,4,6.4,8.2,2240,2028,Deadfall - Mt. Zion◆︎,deadfall,Dead-Zion,Deadfall - Mt. Zion◆︎,NW Forest/Golden,30,"{""availableMonths"": [], ""bestSeason"": """"}"
Difficult,5,6.8,8.0,1934,1450,Deer Hair Rock/Elwha Overlook◆︎,deer,DeerHair,Deer Hair Rock/Elwha Overlook◆︎,Nat'l Park/Golden,85,"{""availableMonths"": [], ""bestSeason"": """"}"
Mod to Diff,4,8.0,10.0,2308,1600,Deer Lake to Potholes◆︎,deer-lake,DeerLk,Deer Lake to Potholes◆︎,Discover,20,"{""availableMonths"": [], ""bestSeason"": """"}"
Easy to Mod,2,8.9,,1750,1681,Deer Park - DNR Roads,deer-park,DeerPkDNR,Deer Park - DNR Roads,NW Forest/Golden,30,"{""availableMonths"": [], ""bestSeason"": """"}"
Easy to Mod,2,5.4,7.5,1800,1285,Deer Park down to Benches◆︎,deer-park-down,DeerPk-B,Deer Park down to Benches◆︎,Discover,50,"{""availableMonths"": [], ""bestSeason"": """"}"
Mod to Diff,4,8.0,8.5,2155,2078,Deer Park to Maiden Peak◆︎,deer-park-to,DeerPrk,Deer Park to Maiden Peak◆︎,NW Forest/Golden,,"{""availableMonths"": [], ""bestSeason"": """"}"
Difficult,5,8.5,10.0,3600,3350,Deer Park to 3 Forks◆︎,deer-park-to-3,Deer-3Fks,Deer Park to 3 Forks◆︎,N/A,30,"{""availableMonths"": [], ""bestSeason"": """"}"
Easy,1,4.0,,390,291,Discovery Bay Trail--Diamond Point,discovery,DiscBay,Discovery Bay Trail--Diamond Point,Nat'l Park/Golden,60,"{""availableMonths"": [], ""bestSeason"": """"}"
Easy,1,2.0,4.0,200,100,Disc Golf @ Rainshadow,disc,DiskGolfRai,Disc Golf @ Rainshadow,,,"{""availableMonths"": [3, 4, 5], ""bestSeason"": """"}"
Easy to Mod,2,3.4,3.7,,527,Deer Park DNR Snowshoe,deer-park-dnr,DNRSnow,Deer Park DNR Snowshoe,NW Forest/Golden,30,"{""availableMonths"": [3, 4, 5], ""bestSeason"": """"}"
Moderate,3,11.4,13.5,1335,1200,Dosewallips Cascades,dosewallips,DoseCasc,Dosewallips Cascades,Discover,,"{""availableMonths"": [], ""bestSeason"": """"}"
Easy to Mod,2,5.0,5.4,1285,1182,Deer Park to Benches◆︎,deer-park-to-benches,DrPk-Bench,Deer Park to Benches◆︎,NW Forest/Golden,35,"{""availableMonths"": [], ""bestSeason"": """"}"
Easy to Mod,2,3.5,4.0,462,0,Dungeness Fish Hatchery to Clink Bridge,dungeness,DungFish,Dungeness Fish Hatchery to Clink Bridge,Nat'l Park/Golden,60,"{""availableMonths"": [], ""bestSeason"": """"}"
Easy,1,4.7,5.2,160,88,Dungeness Levee at Schoolhouse,dungeness-levee,DungLevee,Dungeness Levee at Schoolhouse,NW Forest/Golden,,"{""availableMonths"": [3, 4, 5], ""bestSeason"": """"}"
Easy to Mod,2,10.5,11.5,167,140,Dungeness Spit / New Dungeness Lighthouse,dungeness-spit,DungSpit,Dungeness Spit / New Dungeness Lighthouse,Discover,33,"{""availableMonths"": [3, 4, 5], ""bestSeason"": """"}"
Easy,1,6.0,,500,300,Dungeness Trails from River Road,dungeness-trails,Dungeness,Dungeness Trails from River Road,Discover,30,"{""availableMonths"": [3, 4, 5], ""bestSeason"": """"}"
Mod to Diff,4,9.3,9.6,2925,2824,Elbo Creek / Buck Mountain,elbo,ElboCr,Elbo Creek / Buck Mountain,,40,"{""availableMonths"": [], ""bestSeason"": """"}"
Easy,1,5.0,5.2,166,150,Elwha Fish Hatchery ,elwha,ElwhaHatc,Elwha Fish Hatchery ,Nat'l Park/Golden,70,"{""availableMonths"": [], ""bestSeason"": """"}"
Mod to Diff,4,9.0,13.0,1363,900,Elwha to Whiskey Bend,elwha-to,ElwhatoWh,Elwha to Whiskey Bend,,,"{""availableMonths"": [], ""bestSeason"": """"}"
Easy to Mod,2,7.5,9.7,1890,1225,Elwha (Stock) Route◆︎,elwha-stock,Elwha-Stk,Elwha (Stock) Route◆︎,Discover,20,"{""availableMonths"": [3, 4, 5], ""bestSeason"": """"}"
Difficult,5,12.5,13.0,4298,4170,Elwha R.S. - Elwha Overlook (Deer Hair Rock)◆︎,elwha-rs,Elw-Hurr,Elwha R.S. - Elwha Overlook (Deer Hair Rock)◆︎,n/a,,"{""availableMonths"": [], ""bestSeason"": """"}"
Easy to Mod,2,1.5,2.0,400,300,Falls View Canyon,falls,FallsView,Falls View Canyon,n/a,50,"{""availableMonths"": [], ""bestSeason"": """"}"
Moderate,3,7.2,9.8,1400,1225,Foothills Trails,foothills,Foothills,Foothills Trails,Nat'l Park/Golden,33,"{""availableMonths"": [], ""bestSeason"": """"}"
Easy to Mod,2,5.2,7.5,800,550,Fort Townsend (Old),fort,FortTown,Fort Townsend (Old),NW Forest/Golden,,"{""availableMonths"": [3, 4, 5], ""bestSeason"": """"}"
Easy to Mod,2,5.0,6.0,400,200,Fort Flagler Historical State Park,fort-flagler,FtFlagler,Fort Flagler Historical State Park,Discover,29,"{""availableMonths"": [3, 4, 5], ""bestSeason"": """"}"
Easy to Mod,2,4.0,7.1,400,325,Fort Worden/N. Beach,fort-wordenn,FtWorden,Fort Worden/N. Beach,Nat'l Park/Golden,60,"{""availableMonths"": [3, 4, 5], ""bestSeason"": """"}"
Easy,1,5.0,6.0,500,250,Gibbs Lake County Park,gibbs,GibbsLk,Gibbs Lake County Park,Nat'l Park/Golden,51,"{""availableMonths"": [3, 4, 5], ""bestSeason"": """"}"
Easy,1,3.0,4.0,,0,Gibson Spit / Port Williams Beach Walk,gibson,GibsonSpit,Gibson Spit / Port Williams Beach Walk,Am Beau/Golden,,"{""availableMonths"": [3, 4, 5], ""bestSeason"": """"}"
Easy,1,6.0,8.0,242,144,Glass Beach from N. Beach/Port Townsend,glass,GlassBch,Glass Beach from N. Beach/Port Townsend,Nat'l Park/Golden,52,"{""availableMonths"": [], ""bestSeason"": """"}"
Mod to Diff,4,7.0,14.0,1200,875,Glines Canyon Dam & Beyond,glines,GlinesCany,Glines Canyon Dam & Beyond,,,"{""availableMonths"": [3, 4, 5], ""bestSeason"": """"}"
Mod to Diff,4,7.0,8.0,800,700,Glines Canyon East Overlook,glines-canyon,GlinesCanyO,Glines Canyon East Overlook,,,"{""availableMonths"": [3, 4, 5], ""bestSeason"": """"}"
Easy to Mod,2,6.0,8.0,775,650,Goa Rd. off of Blue Mt. Rd.,goa,GOARd.,Goa Rd. off of Blue Mt. Rd.,NW Forest/Golden,,"{""availableMonths"": [3, 4, 5], ""bestSeason"": """"}"
Mod to Diff,4,7.2,14.0,2450,1830,Gold Creek,gold,GoldCr,Gold Creek,Nat'l Park/Golden,40,"{""availableMonths"": [], ""bestSeason"": """"}"
Easy to Mod,2,5.0,7.0,1047,0,Granny's East,grannys,GrannysE,Granny's East,Discover,,"{""availableMonths"": [3, 4, 5], ""bestSeason"": """"}"
Mod to Diff,4,7.5,8.3,1955,1800,Griff Creek◆︎,griff,GriffCr,Griff Creek◆︎,Nat'l Park/Golden,63,"{""availableMonths"": [], ""bestSeason"": """"}"
Mod to Diff,4,9.0,10.0,2800,0,Griff Creek (creative route)◆︎,griff-creek,GriffCrk2,Griff Creek (creative route)◆︎,,,"{""availableMonths"": [], ""bestSeason"": """"}"
Easy to Mod,2,9.8,10.6,1312,828,Grindstone Flats/Meadow◆︎,grindstone,Grindstone,Grindstone Flats/Meadow◆︎,NW Forest/Golden,75,"{""availableMonths"": [], ""bestSeason"": """"}"
Moderate,3,5.0,7.0,1233,933,Grand Ridge from Obstruction Point◆︎,grand,GrndRdge,Grand Ridge from Obstruction Point◆︎,Discover,50,"{""availableMonths"": [], ""bestSeason"": """"}"
Easy,1,2.5,2.8,400,360,Guillemot Cove Nature Reserve,guillemot,Guillemot,Guillemot Cove Nature Reserve,Discover,68,"{""availableMonths"": [3, 4, 5], ""bestSeason"": """"}"
Easy to Mod,2,5.0,5.5,850,650,Heart of the Forest◆︎,heart,Heart,Heart of the Forest◆︎,Nat'l Park/Golden,85,"{""availableMonths"": [3, 4, 5], ""bestSeason"": """"}"
Mod to Diff,4,8.4,10.0,3950,3600,Heather Park / Pass◆︎,heather,HeathrPrk,Heather Park / Pass◆︎,Discover,10,"{""availableMonths"": [], ""bestSeason"": """"}"
Easy to Mod,2,3.2,4.5,750,680,Hurricane Hill,hurricane,Hurricane,Hurricane Hill,Nat'l Park/Golden,40,"{""availableMonths"": [], ""bestSeason"": """"}"
Mod to Diff,4,3.0,6.0,1000,400,Hurricane Ridge - Snowshoeing,hurricane-ridge,Hurr-Snow,Hurricane Ridge - Snowshoeing,,30,"{""availableMonths"": [3, 4, 5], ""bestSeason"": """"}"
Easy to Mod,2,3.5,7.0,1500,637,Johnson Creek/Burnt Hill Cabin,johnson,Jsn.Crk,Johnson Creek/Burnt Hill Cabin,n/a,,"{""availableMonths"": [3, 4, 5], ""bestSeason"": """"}"
Easy to Mod,2,11.0,11.5,900,816,Joyce-Piedmont W. (Crescent Descent),joyce-piedmont,Jyce-PiedW,Joyce-Piedmont W. (Crescent Descent),Discover,19,"{""availableMonths"": [3, 4, 5], ""bestSeason"": """"}"
Easy to Mod,2,6.5,7.3,700,650,Karpen Road/State Forest Road,karpen,KarpenRd,Karpen Road/State Forest Road,Discover,,"{""availableMonths"": [3, 4, 5], ""bestSeason"": """"}"
Mod to Diff,4,6.0,6.4,2410,2352,Kloshe Nanitch at Snider Ridge,kloshe,Klosche,Kloshe Nanitch at Snider Ridge,n/a,,"{""availableMonths"": [], ""bestSeason"": """"}"
Mod to Diff,4,6.0,6.4,2410,2352,Kloshe Nanitch,kloshe-nanitch,KlosheNanit,Kloshe Nanitch,,,"{""availableMonths"": [], ""bestSeason"": """"}"
Difficult,5,11.9,12.5,5102,4967,Lake Angeles/Heather Park Loop◆︎,lake,LakeAngLp,Lake Angeles/Heather Park Loop◆︎,Nat'l Park/Golden,40,"{""availableMonths"": [], ""bestSeason"": """"}"
Mod to Diff,4,7.5,10.5,3500,2500,Lake Angeles◆︎,lake-angeles,LakeAngel,Lake Angeles◆︎,NW Forest/Golden,86,"{""availableMonths"": [], ""bestSeason"": """"}"
Easy,1,7.4,7.7,,300,Larry Scott -- Cape George,larry,LarryScott,Larry Scott -- Cape George,n/a,,"{""availableMonths"": [3, 4, 5], ""bestSeason"": """"}"
Easy,1,7.3,7.5,400,350,Larry Scott Trail--Milo Curry,larry-scott,LarrySct,Larry Scott Trail--Milo Curry,NW Forest/Golden,60,"{""availableMonths"": [3, 4, 5], ""bestSeason"": """"}"
Easy to Mod,2,6.5,7.5,1630,1450,Lena Lake,lena,LenaLk,Lena Lake,Nat'l Park/Golden,60,"{""availableMonths"": [], ""bestSeason"": """"}"
Difficult,5,11.6,12.4,3550,3325,Little Divide Trail◆︎,little,LilDivide,Little Divide Trail◆︎,NW Forest/Golden,71,"{""availableMonths"": [], ""bestSeason"": """"}"
Easy to Mod,2,3.2,,,872,Lillian Ridge◆︎,lillian,LillianRidg,Lillian Ridge◆︎,,,"{""availableMonths"": [], ""bestSeason"": """"}"
Moderate,3,7.0,9.0,1745,875,Little River◆︎,little-river,LittleRv,Little River◆︎,Discover,10,"{""availableMonths"": [3, 4, 5], ""bestSeason"": """"}"
Moderate,3,8.0,11.0,2776,1600,Little Hump/Big Hump at the Duckabush,little-humpbig,LittleBigHum,Little Hump/Big Hump at the Duckabush,Nat'l Park/Golden,60,"{""availableMonths"": [], ""bestSeason"": """"}"
Easy to Mod,2,5.0,9.0,1300,800,Little Hump/Murhut Falls/Ranger Hole,little-humpmurhut,LittleHumpMR,Little Hump/Murhut Falls/Ranger Hole,Nat'l Park/Golden,54,"{""availableMonths"": [], ""bestSeason"": """"}"
Moderate,3,4.0,7.0,1200,400,Louella Cabin / Patty Pat Hill Loop,louella,LouellaCbn,Louella Cabin / Patty Pat Hill Loop,Nat'l Park/Golden,,"{""availableMonths"": [3, 4, 5], ""bestSeason"": """"}"
Easy to Mod,2,5.5,6.7,700,450,Lover's Lane/Sol Duc Falls Loop◆︎,lovers,Lover'sLn.,Lover's Lane/Sol Duc Falls Loop◆︎,Nat'l Park/Golden,81,"{""availableMonths"": [], ""bestSeason"": """"}"
Easy to Mod,2,4.5,5.0,626,550,Lower W. Elwha Dam Site,lower,LowElwDm,Lower W. Elwha Dam Site,NW Forest/Golden,,"{""availableMonths"": [3, 4, 5], ""bestSeason"": """"}"
Mod to Diff,4,6.5,12.0,2100,1645,Lower Dungeness River Trail - (Lower Section),lower-dungeness,LrDung-Lr,Lower Dungeness River Trail - (Lower Section),NW Forest/Golden,60,"{""availableMonths"": [], ""bestSeason"": """"}"
Easy to Mod,2,7.1,7.5,1154,1100,Lower Dungeness - Upper,lower-dungeness---upper,LrDung-Up,Lower Dungeness - Upper,Discover,60,"{""availableMonths"": [], ""bestSeason"": """"}"
Easy to Mod,2,7.0,8.5,1250,900,Old/Lower Gray Wolf◆︎,oldlower,LwrGray,Old/Lower Gray Wolf◆︎,NW Forest/Golden,66,"{""availableMonths"": [], ""bestSeason"": """"}"
Moderate,3,7.5,,,1050,Lower Big Quilcene Trail (Upper),lower-big,LwrQuil,Lower Big Quilcene Trail (Upper),Discover,15,"{""availableMonths"": [], ""bestSeason"": """"}"
Easy to Mod,2,5.5,6.5,600,200,Lower Big Quilcene to Bark Shanty,lower-big-quilcene,LwrQuilBarkShty,Lower Big Quilcene to Bark Shanty,Discover,40,"{""availableMonths"": [3, 4, 5], ""bestSeason"": """"}"
Easy to Mod,2,3.5,5.5,335,214,Lyre River Conservation Area & DNR Campground,lyre,LyreRiver,Lyre River Conservation Area & DNR Campground,Am Beau/Golden,35,"{""availableMonths"": [], ""bestSeason"": """"}"
Easy to Mod,2,7.2,7.8,980,700,Madison Falls to Altair Campground up Elwha River,madison,MadAltair,Madison Falls to Altair Campground up Elwha River,N/A,,"{""availableMonths"": [3, 4, 5], ""bestSeason"": """"}"
Easy to Mod,2,,9.0,700,600,Madison Falls to Smoky Bottom,madison-falls,Mad-Smky,Madison Falls to Smoky Bottom,Discover,30,"{""availableMonths"": [], ""bestSeason"": """"}"
Easy to Mod,2,7.0,14.0,2051,687,Madison Falls to Whiskey Bend,madison-falls-to,Mad-Wksy,Madison Falls to Whiskey Bend,Nat'l Park/Golden,50,"{""availableMonths"": [3, 4, 5], ""bestSeason"": """"}"
Difficult,5,11.0,11.5,3650,3490,"Marmot Pass, Quilcene",marmot,MarmotPs,"Marmot Pass, Quilcene",NW Forest/Golden,86,"{""availableMonths"": [], ""bestSeason"": """"}"
Easy to Mod,2,4.5,5.0,733,500,Marymere Falls / Barnes Creek◆︎,marymere,Marymere,Marymere Falls / Barnes Creek◆︎,N/A,40,"{""availableMonths"": [3, 4, 5], ""bestSeason"": """"}"
Difficult,5,5.0,,,2000,Mount McDonald,mount,Mcdonald,Mount McDonald,,,"{""availableMonths"": [], ""bestSeason"": """"}"
Easy to Mod,2,9.0,10.0,,800,Miller Peninsula from ESB,miller,MillerPenE,Miller Peninsula from ESB,,,"{""availableMonths"": [3, 4, 5], ""bestSeason"": """"}"
Easy to Mod,2,6.0,9.7,1014,600,Miller Peninsula ,miller-peninsula,MillerPen,Miller Peninsula ,Discover,35,"{""availableMonths"": [3, 4, 5], ""bestSeason"": """"}"
Easy to Mod,2,6.8,,,700,Miller Peninsula to Discovery Bay,miller-peninsula-to,MillerPenDis,Miller Peninsula to Discovery Bay,,,"{""availableMonths"": [3, 4, 5], ""bestSeason"": """"}"
Easy to Mod,2,8.0,9.0,1100,900,Miller Peninsula to Thompson Spit,miller-peninsula-to-thompson,MillerThomp,Miller Peninsula to Thompson Spit,,,"{""availableMonths"": [3, 4, 5], ""bestSeason"": """"}"
Moderate,3,6.0,,,1550,Mink Lake◆︎,mink,MinkLk,Mink Lake◆︎,n/a,44,"{""availableMonths"": [], ""bestSeason"": """"}"
Easy,1,4.7,6.0,772,586,Marymere Falls/Moments in Time,marymere-fallsmoments,MominTime,Marymere Falls/Moments in Time,NW Forest/Golden,72,"{""availableMonths"": [3, 4, 5], ""bestSeason"": """"}"
Easy to Mod,2,7.5,9.2,1280,638,Mt. Angeles Road,mt,MtAng.Rd,Mt. Angeles Road,NW Forest/Golden,53,"{""availableMonths"": [3, 4, 5], ""bestSeason"": """"}"
Moderate,3,5.0,7.0,0,1446,Mt. Angeles Rd. to Foothills Trails (E.),mt-angeles,MtAng-Fth,Mt. Angeles Rd. to Foothills Trails (E.),n/a,42,"{""availableMonths"": [], ""bestSeason"": """"}"
Difficult,5,10.0,13.0,3350,3140,Mt. Muller ,mt-muller,MtMuller,Mt. Muller ,,40,"{""availableMonths"": [], ""bestSeason"": """"}"
Moderate,3,8.0,8.8,2054,1600,Mt. Pleasant,mt-pleasant,MtPlsant,Mt. Pleasant,Nat'l Park/Golden,40,"{""availableMonths"": [3, 4, 5], ""bestSeason"": """"}"
Difficult,5,8.0,11.0,3363,2100,Mt. Townsend◆︎,mt-townsend,MtTownsd,Mt. Townsend◆︎,NW Forest/Golden,,"{""availableMonths"": [], ""bestSeason"": """"}"
Mod to Diff,4,5.5,7.2,2145,2050,Mt. Walker,mt-walker,MtWalker,Mt. Walker,Discover,45,"{""availableMonths"": [3, 4, 5], ""bestSeason"": """"}"
Moderate,3,4.5,5.0,1535,1340,Mt. Zion,mt-zion,MtZion,Mt. Zion,NW Forest/Golden,46,"{""availableMonths"": [], ""bestSeason"": """"}"
Easy to Mod,2,5.0,5.6,1800,1000,Mount Angeles Meadow◆︎,mount-angeles,MtAngelMead,Mount Angeles Meadow◆︎,,,"{""availableMonths"": [], ""bestSeason"": """"}"
Easy to Mod,2,6.0,8.7,880,650,N. Kitsap Heritage Park,n,NKitsap,N. Kitsap Heritage Park,Nat'l Park/Golden,132,"{""availableMonths"": [3, 4, 5], ""bestSeason"": """"}"
Moderate,3,12.0,13.0,2247,2000,N. Fork Sol Duc◆︎,n-fork,N.SolDuc,N. Fork Sol Duc◆︎,Discover,60,"{""availableMonths"": [], ""bestSeason"": """"}"
Moderate,3,2.2,2.7,1075,822,Ned Hill L/O (near Slab Camp),ned,NedHill,Ned Hill L/O (near Slab Camp),NW Forest/Golden,,"{""availableMonths"": [], ""bestSeason"": """"}"
Easy,1,6.0,13.0,535,250,Newberry Hill Heritage Park,newberry,Newb.Hill,Newberry Hill Heritage Park,Nat'l Park/Golden,68,"{""availableMonths"": [3, 4, 5], ""bestSeason"": """"}"
Mod to Diff,4,8.0,10.0,2900,1800,Notch Pass,notch,NotchPass,Notch Pass,Discover,,"{""availableMonths"": [], ""bestSeason"": """"}"
Easy to Mod,2,5.7,8.0,1,900,OAT - Adventure to Llama Trail,oat,OATAdvLl,OAT - Adventure to Llama Trail,NW Forest/Golden,,"{""availableMonths"": [3, 4, 5], ""bestSeason"": """"}"
Easy to Mod,2,7.0,8.5,955,700,OAT - Mile 0 to Living Room,oat---mile,OatMile,OAT - Mile 0 to Living Room,Discover,18,"{""availableMonths"": [3, 4, 5], ""bestSeason"": """"}"
Easy to Mod,2,7.3,7.5,811,767,OAT-Eden Valley East,oat-eden,OATEdenValE,OAT-Eden Valley East,Nat'l Park/Golden,64,"{""availableMonths"": [3, 4, 5], ""bestSeason"": """"}"
Easy to Mod,2,8.0,,,750,OAT-Eden Valley West,oat-eden-valley,OATEdenValW,OAT-Eden Valley West,Discover,,"{""availableMonths"": [3, 4, 5], ""bestSeason"": """"}"
Mod to Diff,4,10.0,,,1200,OAT-Eden Valley East to Lower Dam,oat-eden-valley-east,OATEdValEF,OAT-Eden Valley East to Lower Dam,,,"{""availableMonths"": [3, 4, 5], ""bestSeason"": """"}"
Easy to Mod,2,5.7,6.5,686,623,OAT--Joyce Access,oat--joyce,OATJyceAcc,OAT--Joyce Access,Discover,40,"{""availableMonths"": [3, 4, 5], ""bestSeason"": """"}"
Easy to Mod,2,6.0,8.8,1100,900,OAT--Joyce-Piedmont E. ,oat--joyce-piedmont,OATJycePiedE,OAT--Joyce-Piedmont E. ,Discover,19,"{""availableMonths"": [3, 4, 5], ""bestSeason"": """"}"
Moderate,3,3.0,7.0,915,350,Obstruction Point Road Snowshoe,obstruction,ObsPt-Snow,Obstruction Point Road Snowshoe,Nat'l Park/Golden,40,"{""availableMonths"": [3, 4, 5], ""bestSeason"": """"}"
Moderate,3,8.0,,900,800,Obstruction Point To Maiden Peak◆︎,obstruction-point,ObstrPtMdn,Obstruction Point To Maiden Peak◆︎,,,"{""availableMonths"": [3, 4, 5], ""bestSeason"": """"}"
Easy,1,,10.0,0,0,ODT -- Hollywood Beach/Morse Creek,odt,ODT-Holly,ODT -- Hollywood Beach/Morse Creek,,47,"{""availableMonths"": [3, 4, 5], ""bestSeason"": """"}"
Mod to Diff,4,9.0,9.4,538,360,Ozette Triangle◆︎,ozette,Ozette,Ozette Triangle◆︎,Nat'l Park/Golden,60,"{""availableMonths"": [], ""bestSeason"": """"}"
Mod to Diff,4,9.7,,,1890,Pack trail from Herrick road◆︎,pack,PackTrail,Pack trail from Herrick road◆︎,,,"{""availableMonths"": [], ""bestSeason"": """"}"
Easy to Mod,2,5.0,5.5,655,575,Pat's Prairie,pats,Pat'sPr,Pat's Prairie,N/A,13,"{""availableMonths"": [], ""bestSeason"": """"}"
Moderate,3,5.8,6.1,1050,948,Peabody Creek,peabody,PeabodyCr,Peabody Creek,Discover,55,"{""availableMonths"": [3, 4, 5], ""bestSeason"": """"}"
Easy,1,4.0,5.0,75,0,Place Road to Elwha Beach,place,PlaceRd,Place Road to Elwha Beach,Discover,50,"{""availableMonths"": [3, 4, 5], ""bestSeason"": """"}"
Easy,1,5.0,,500,464,Port Gamble Heritage Forest Park,port,PtGamble,Port Gamble Heritage Forest Park,NW Forest/Golden,81,"{""availableMonths"": [3, 4, 5], ""bestSeason"": """"}"
Easy,1,3.5,,48,0,Port Williams Beach,port-williams,PtWms,Port Williams Beach,Nat'l Park/Golden,100,"{""availableMonths"": [3, 4, 5], ""bestSeason"": """"}"
Difficult,5,6.6,7.0,2486,2400,Pyramid Mt.,pyramid,Pyramid,Pyramid Mt.,Nat'l Park/Golden,53,"{""availableMonths"": [], ""bestSeason"": """"}"
Easy,1,5.0,6.0,430,243,Radio Tower off Blue Mt Road,radio,RadioBlue,Radio Tower off Blue Mt Road,Nat'l Park/Golden,32,"{""availableMonths"": [3, 4, 5], ""bestSeason"": """"}"
Easy to Mod,2,,1.0,300,278,Rainbow Falls,rainbow,Rainbow,Rainbow Falls,n/a,50,"{""availableMonths"": [], ""bestSeason"": """"}"
Easy,1,3.4,6.7,0,150,Robin Hill Farm County Park,robin,RobinHill,Robin Hill Farm County Park,NW Forest/Golden,,"{""availableMonths"": [3, 4, 5], ""bestSeason"": """"}"
Moderate,3,6.9,7.4,1226,1099,Royal Creek◆︎,royal,RoyalCr,Royal Creek◆︎,NW Forest/Golden,46,"{""availableMonths"": [], ""bestSeason"": """"}"
Mod to Diff,4,9.7,10.8,,1250,River Shelter to Camp Handy at Dungeness River◆︎,river,RvShelter,River Shelter to Camp Handy at Dungeness River◆︎,Discover,,"{""availableMonths"": [], ""bestSeason"": """"}"
Moderate,3,14.4,16.4,3415,2675,Royal Lake/Basin◆︎,royal-lakebasin,RylBsn,Royal Lake/Basin◆︎,Discover,45,"{""availableMonths"": [], ""bestSeason"": """"}"
Mod to Diff,4,10.8,11.0,3550,3275,Silver Lake from Mt. Townsend◆︎,silver,SilverLak,Silver Lake from Mt. Townsend◆︎,Nat'l Park/Golden,,"{""availableMonths"": [], ""bestSeason"": """"}"
Mod to Diff,4,6.3,7.9,2090,1730,Silver Lake via Silver Lake Way Trail◆︎,silver-lake,SilverLk,Silver Lake via Silver Lake Way Trail◆︎,Limited 4,,"{""availableMonths"": [], ""bestSeason"": """"}"
Mod to Diff,4,5.5,,,1660,Slab Camp to the Benches◆︎,slab,SlabCamp2Be,Slab Camp to the Benches◆︎,,,"{""availableMonths"": [3, 4, 5], ""bestSeason"": """"}"
Mod to Diff,4,10.0,11.0,3022,2850,Slab Camp to Deer Ridge◆︎,slab-camp,Slab-Deer,Slab Camp to Deer Ridge◆︎,Discover,,"{""availableMonths"": [], ""bestSeason"": """"}"
Moderate,3,6.0,7.0,1400,1100,Slab Camp to Duncan Flats◆︎,slab-camp-to,Slab-Dunc,Slab Camp to Duncan Flats◆︎,Nat'l Park/Golden,60,"{""availableMonths"": [], ""bestSeason"": """"}"
Moderate,3,11.7,,,2582,Slab Camp to Slide Camp◆︎,slab-camp-to-slide,Slab-Slide,Slab Camp to Slide Camp◆︎,Nat'l Park/Golden,40,"{""availableMonths"": [], ""bestSeason"": """"}"
Moderate,3,7.5,9.3,1442,1089,Sleepy Hollow,sleepy,Sleepy,Sleepy Hollow,N/A,16,"{""availableMonths"": [], ""bestSeason"": """"}"
Moderate,3,7.5,9.3,1442,1089,Sleepy Hollow/Mt Zion,sleepy-hollowmt,SleepyZion,Sleepy Hollow/Mt Zion,,,"{""availableMonths"": [], ""bestSeason"": """"}"
Easy to Mod,2,11.0,11.4,1154,1016,Smokey Bottom - Boulder Creek◆︎,smokey,SmokeyBtm,Smokey Bottom - Boulder Creek◆︎,Nat'l Park/Golden,60,"{""availableMonths"": [], ""bestSeason"": """"}"
Mod to Diff,4,7.5,9.0,2861,2500,Snider Ridge,snider,SndRdg,Snider Ridge,Nat'l Park/Golden,70,"{""availableMonths"": [], ""bestSeason"": """"}"
Easy,1,7.0,7.5,375,250,Spruce RR-East,spruce,SpruceRR,Spruce RR-East,Nat'l Park/Golden,,"{""availableMonths"": [3, 4, 5], ""bestSeason"": """"}"
Easy,1,4.0,7.5,400,250,Spruce R.R. - West,spruce-rr,Spruce-W.,Spruce R.R. - West,N/A,53,"{""availableMonths"": [3, 4, 5], ""bestSeason"": """"}"
Easy to Mod,2,3.5,6.0,600,440,Steam Donkey / Maple Valley Trails,steam,StmDonkey,Steam Donkey / Maple Valley Trails,N/A,37,"{""availableMonths"": [], ""bestSeason"": """"}"
Mod to Diff,4,4.1,,,1831,Storm King◆︎,storm,StmKing,Storm King◆︎,n/a,40,"{""availableMonths"": [3, 4, 5], ""bestSeason"": """"}"
Easy to Mod,2,7.0,,,850,Striped Peak,striped,StripedPk,Striped Peak,Nat'l Park/Golden,85,"{""availableMonths"": [], ""bestSeason"": """"}"
Moderate,3,7.0,9.0,1650,850,Striped Peak-Long,striped-peak-long,Striped_PkL,Striped Peak-Long,,,"{""availableMonths"": [], ""bestSeason"": """"}"
Mod to Diff,4,3.0,4.2,,680,Sunrise Ridge Snowshoe,sunrise,SunrseSnow,Sunrise Ridge Snowshoe,NW Forest/Golden,30,"{""availableMonths"": [3, 4, 5], ""bestSeason"": """"}"
Mod to Diff,4,5.7,8.6,3140,2240,Switchback Trail / Victor Pass / Klahhane Ridge◆︎,switchback,Switchbac,Switchback Trail / Victor Pass / Klahhane Ridge◆︎,Nat'l Park/Golden,16,"{""availableMonths"": [], ""bestSeason"": """"}"
Easy,1,4.0,6.2,550,125,Teal Lake,teal,TealLk,Teal Lake,Discover,19,"{""availableMonths"": [3, 4, 5], ""bestSeason"": """"}"
Easy to Mod,2,4.5,5.5,600,382,Timberton Loop at Port Ludlow,timberton,Timberton,Timberton Loop at Port Ludlow,N/A,40,"{""availableMonths"": [3, 4, 5], ""bestSeason"": """"}"
Easy,1,4.0,,68,50,Travis Spit ,travis,TravisSpit,Travis Spit ,NW Forest/Golden,70,"{""availableMonths"": [3, 4, 5], ""bestSeason"": """"}"
Mod to Diff,4,7.2,8.0,1600,1100,Tubal Cain / Tull Canyon ◆︎,tubal,Tubal,Tubal Cain / Tull Canyon ◆︎,Nat'l Park/Golden,40,"{""availableMonths"": [], ""bestSeason"": """"}"
Mod to Diff,4,9.5,10.5,3018,2650,Tunnel Creek / Valhalla◆︎,tunnel,TunnelCr,Tunnel Creek / Valhalla◆︎,Discover,15,"{""availableMonths"": [], ""bestSeason"": """"}"
Difficult,5,9.1,12.4,5075,4475,Tyler Peak/Baldy◆︎,tyler,Tyler-Baldy,Tyler Peak/Baldy◆︎,NW Forest/Golden,85,"{""availableMonths"": [], ""bestSeason"": """"}"
Easy to Mod,2,3.2,5.0,1150,450,Verne Samuelson County Park Trail – P.A.,verne,VernSam,Verne Samuelson County Park Trail – P.A.,n/a,,"{""availableMonths"": [3, 4, 5], ""bestSeason"": """"}"
Easy,1,5.0,8.6,,500,Victoria/Canada,victoriacanada,Victoria,Victoria/Canada,Discover,60,"{""availableMonths"": [3, 4, 5], ""bestSeason"": """"}"
Easy,1,4.0,5.2,450,300,Voice of America/Dungeness Recreation Area,voice,VoiceAm,Voice of America/Dungeness Recreation Area,,,"{""availableMonths"": [3, 4, 5], ""bestSeason"": """"}"
Moderate,3,6.5,10.5,1700,1325,W. Elwha/Herrick Rd. to Altair & Upper Dam Site◆︎,w,W.Elwha,W. Elwha/Herrick Rd. to Altair & Upper Dam Site◆︎,Nat'l Park/Golden,36,"{""availableMonths"": [], ""bestSeason"": """"}"
Easy to Mod,2,5.0,5.5,,1000,Waterfalls ,waterfalls,Waterfalls,Waterfalls ,,,"{""availableMonths"": [], ""bestSeason"": """"}"
Moderate,3,3.0,4.3,900,500,Wolf Creek - Snowshoe◆︎,wolf,WfCkSnow,Wolf Creek - Snowshoe◆︎,Nat'l Park/Golden,84,"{""availableMonths"": [3, 4, 5], ""bestSeason"": """"}"
Easy to Mod,2,15.0,,,300,Wolf Creek Trail to Madison Falls◆︎,wolf-creek,WfCrk-Mad,Wolf Creek Trail to Madison Falls◆︎,Discover,19,"{""availableMonths"": [], ""bestSeason"": """"}"
Easy to Mod,2,9.6,9.8,460,435,Whidbey Island,whidbey,WhidbyIs,Whidbey Island,NW Forest/Golden,63,"{""availableMonths"": [], ""bestSeason"": """"}"
Mod to Diff,4,6.5,10.0,1800,1000,Whiskey Creek,whiskey,WhiskeyCk,Whiskey Creek,Nat'l Park/Golden,40,"{""availableMonths"": [], ""bestSeason"": """"}"
Moderate,3,7.7,8.2,1600,1532,Wolf Creek - 1/2 Way Down◆︎,wolf-creek---12,WolfCrkHf,Wolf Creek - 1/2 Way Down◆︎,N/A,30,"{""availableMonths"": [], ""bestSeason"": """"}"
Unknown,99,,,,0,zzzCard,zzzcard,zzzCard,,n/a,,"{""availableMonths"": [], ""bestSeason"": """"}"
