Trail Name	Alt Name
360 RoadLookout Hill Rd. off of Palo Alto Rd.	360 Road
Anderson Lake State Park	Anderson Lake
Anderson Lake State Park	Lake Anderson State Park
Anderson Lake State Park - DNR	Anderson Lake South Loop (DNR)
Aurora Ridge - Eagle Lake	Eagle Lake
Aurora Ridge - Eagle Lake	Aurora Ridge
Badger Valley to Moose Lake from Obstruction Point	Badger Valley to Moose Lake
Badger Valley to Moose Lake from Obstruction Point	Moose Lake
Badger Valley to Moose Lake from Obstruction Point	Badger Valley
Blyn Towers Salmon Creek	Blyn Mt Salmon Creek
Blyn Towers Salmon Creek	Blyn Mtn Salmon Creek
Bogachiel River	Bogachiel River Trail
Borderline Trail to Marmot Loop from Deer Park Rd.	Boundary Trail Marmot Loop
Borderline Trail to Marmot Loop from Deer Park Rd.	Borderline Trail - Marmot Loop
Burnt Hill from Johnson Creek	Burnt Hill
Burnt Hill from Johnson Creek	Johnson Creek
Cassidy Creek (Bike)	Cassidy Creek (bike trail)
Cat Lake on Miller Peninsula	Cat Lake
Chetzemoka Park Historical Walk	Chetzemoka (čičməhán) Trail
Chetzemoka Park Historical Walk	Chetzemoka Park & Trail
Chetzemoka Park Historical Walk	Chetzemoka Trail
Chetzemoka Park Historical Walk	Chetzemoka Trail for Camas
Dan KellyLk Aldwell Towers	Dan Kelly Towers
Deadfall - Mt. Zion	Deadfall to Mt Zion
Deadfall - Mt. Zion	Mt Zion
Deer Hair RockElwha Overlook	Deer Hair Rock
Deer Lake to Potholes	Deer Lake - Pot Holes
Deer Lake to Potholes	Potholes
Deer Park down to Benches	Deer Ridge Benches
Deer Park down to Benches	Deer Ridge (Benches & Beyond)
Deer Park down to Benches	Deer Ridge - Benches
Deer Park to Maiden Peak	Maiden Peak
Deer Park to Maiden Peak	Maiden Peak from Deer Park
Discovery Bay Trail--Diamond Point	Discovery Bay Trail
Discovery Bay Trail--Diamond Point	Discovery Bay Trail (Late Start 9:30am)
Deer Park DNR Snowshoe	Snowshoe
Dosewallips Cascades	Dosewallips
Dosewallips Cascades	Dosewallips Cascades & Campground
Dungeness Trails from River Road	Dungeness (Reservoir) Trails
Dungeness Trails from River Road	Dungeness Trails
Dungeness Trails from River Road	Dungeness Trails @ River Road
Dungeness Trails from River Road	Gold CreekLower Dungeness T.H.
Dungeness Trails from River Road	Upper Part of Lower Dungeness River Trail
Dungeness Trails from River Road	VOA Dungeness County Park
Dungeness Levee at Schoolhouse	Dungeness Levee
Dungeness Levee at Schoolhouse	Dungeness Levee Footpath
Dungeness Levee at Schoolhouse	Dungeness Schoolhouse - Levee
Dungeness Spit New Dungeness Lighthouse	Dungeness Spit
Dungeness Spit New Dungeness Lighthouse	Dungeness Spit (to 3.5 miles)
Dungeness Spit New Dungeness Lighthouse	Hike Dungeness Spit (-3.06 @11:36)
Elbo Creek Buck Mountain	Elbo Creek Buck Mt
Elwha Delta (Place Road )	Elwha Beach off of Place Road
Elwha Delta (Place Road )	Elwha Delta (-1.44@11:42)
Elwha Delta (Place Road )	Place Rd Elwha (-1.88 @ 0955)
Elwha Delta (Place Road )	Place Road
Elwha Delta (Place Road )	Place Road Elwha Beach
Elwha Delta (Place Road )	Place Road to Elwha Beach
Elwha Fish Hatchery	Elwha Fish Hatchery to mouth
Elwha (Stock) Route	E Elwha - Bare Bottom to Ranger St
Elwha (Stock) Route	Elwha (New Route)
Fort Townsend (Old)	Fort Townsend
Fort Townsend (Old)	Old Fort Townsend
Fort Flagler Historical State Park	Fort Flagler
Fort Flagler Historical State Park	Fort Flagler (-2.3 ft @ 0845)
Fort Flagler Historical State Park	Fort Flagler (Rick lead)
Fort Flagler Historical State Park	Ft Flagler
Fort Flagler Historical State Park	Ft. Flagler (8.6 at 3pm)
Fort WordenN. Beach	Fort Worden
Fort WordenN. Beach	Fort WordenN. Beach(Change)
Fort WordenN. Beach	Ft Worden fr NB (-3.46@noon)
Fort WordenN. Beach	Ft Worden from North Beach
Fort WordenN. Beach	Whidbey Island or Ft. Worden
Gibbs Lake County Park	Gibbs Lake
Gibson Spit Port Williams Beach Walk	Gibson Spit(Low@11:30, 3.13 ft)
Gibson Spit Port Williams Beach Walk	Travis Spit (or Gibson Spit)
Glass Beach from N. BeachPort Townsend	Glass Beach
Glines Canyon Dam & Beyond	West Elwha to Glines Canyon
Glines Canyon Dam & Beyond	Whiskey Bend Rd to Glines Dam
Gold Creek Extension Trail	Gold Creek Extension
Grindstone FlatsMeadow	Camp Handy Grindstone Meadow
Grindstone FlatsMeadow	Grindstone Meadow
Guillemot Cove Nature Reserve	Newberry Hill Guillemot Cove
Heather Park Pass	Heather Park
Heather Park Pass	heather park
Hurricane Ridge - Snowshoeing	Hurricane Ridge
Hurricane Ridge - Snowshoeing	Hurricane SnowshoeDeer Pk.
Johnson CreekBurnt Hill Cabin	Johnson CreekBurnt Hill
Joyce-Piedmont W. (Crescent Descent)	Joyce Piedmont East
Karpen RoadState Forest Road	Karpen Road
Kloshe Nanitch at Snider Ridge	Klosche - Nanitch
Lake Angeles	Switchback to Lake Angeles
Larry Scott -- Cape George	Anderson Lake - Larry Scott Trail
Larry Scott -- Cape George	Larry Scott Cape Geo to PT
Larry Scott -- Cape George	Larry Scott Trail @ 4 Corners
Larry Scott Trail--Milo Curry	Larry Scott Trail
Larry Scott Trail--Milo Curry	Larry Scott Trail - Milo Curry
Larry Scott Trail--Milo Curry	Larry Scott Trail - Milo Curry TH
Larry Scott Trail--Milo Curry	Larry Scott Trail @ Milo Curry TH
Little Divide Trail	Little Divide
Little HumpBig Hump at the Duckabush	Big Hump - Little Hump
Little HumpBig Hump at the Duckabush	Duckabush: Little HumpBig Hump
Little HumpMurhut FallsRanger Hole	Duck - Little Hump to Big Hump
Little River	Little River (to mile 3.5)
Little River	Little River Trail
Lover's LaneSol Duc Falls Loop	Lover's Lane Salmon Casc
Lower W. Elwha Dam Site	OAT + Lower Elwha Dam Site
Lower Dungeness River Trail - (Lower Section)	Lower Dungeness
Lower Dungeness - Upper	Upper Part of Lower Dungeness
OldLower Gray Wolf	Lower Gray Wolf
Lower Big Quilcene Trail (Upper)	Mt Townsend via Little Quil Trail
Lower Big Quilcene Trail (Upper)	Upper Big Quilcene
Lower Big Quilcene to Bark Shanty	Lower Big Quil to Bark Shanty
Lyre River Conservation Area & DNR Campground	Lyre River (-1.68 @12:13 Cres Bch)
Lyre River Conservation Area & DNR Campground	Lyre River - Campground
Lyre River Conservation Area & DNR Campground	Lyre River Conservation Area
Madison Falls to Altair Campground up Elwha River	Madison Falls TH to Altair
Madison Falls to Altair Campground up Elwha River	Madison Falls to Altair
Madison Falls to Altair Campground up Elwha River	Madison Falls to Altair CG
Madison Falls to Altair Campground up Elwha River	West Elwha to Altair
Madison Falls to Smoky Bottom	Madison Falls to Smokey Bottom
Madison Falls to Smoky Bottom	Smokey Bottom from Madison Falls
Marmot Pass, Quilcene	Marmot Pass
Marymere Falls Barnes Creek	Marymere Falls to Bridge #1
Miller Peninsula to Discovery Bay	Miller Peninsula-Manzanita Trail
Miller Peninsula from ESB	Miller Peninsula from ESB Road
Miller Peninsula to Thompson Spit	Miller Peninsula - Thompson Spit
Miller Peninsula to Thompson Spit	Miller Peninsula SP - Manzanita to Beach
Marymere FallsMoments in Time	Lake Crescent Moments in Time
Mt. Angeles Road	Old Mt Angeles Road
Mt. Muller	Mt Muller
Mt. Pleasant	Mt Pleasant
Mt. Townsend	Mt Townsend
Mt. Townsend 835	Mt Townsend v Ltl Quil Trl 835
Mt. Townsend from Silver Lake	Mt. TownsendSilver Lake
Mt. Townsend from Silver Lake	Silver Lake via Mt Townsend
Mt. Townsend from Silver Lake	Silver Lake v Mt Townsend
Mt. Walker	Mt Walker
Ned Hill LO (near Slab Camp)	Ned Hill
N. Kitsap Heritage Park	North Kitsap Heritage Park
Notch Pass	Notch Pass Quil Ridge
OAT - Adventure to Llama Trail	Adventure Trail Mile Zero
OAT-Eden Valley East	Eden Valley East
OAT-Eden Valley West	Eden Valley West
OAT--Joyce-Piedmont E.	OAT Joyce-Piedmont E.
OAT - Mile 0 to Living Room	M0 OAT to Living Room
OAT - Mile 0 to Living Room	OAT - Mile Zero to Living Room
OAT - Mile 0 to Living Room	OAT Mile 0 to Living Room
OAT - Mile 0 to Living Room	OAT to Living Room
OAT - Mile 0 to Living Room	OAT Mile 0-Living Room
Obstruction Point Road Snowshoe	Obstruction point road
ODT -- Hollywood BeachMorse Creek	ODT (^Hollywood Beach @ 10 am)
ODT -- Hollywood BeachMorse Creek	ODT near Hollywood Beach
Ozette Triangle	Ozette Tri (Low @9:15, -1.82) 7am Start
Pack trail from Herrick road	Elwha Pack Trail
Pack trail from Herrick road	Pack Trail
Port Gamble Heritage Forest Park	Port Gamble Heritage Forest
Port Gamble Heritage Forest Park	Pt. Gamble Forest Heritage
Radio Tower off Blue Mt Road	Blue Mountain - Goa Road
Radio Tower off Blue Mt Road	Gnome Valley (aka Radio Tower)
Radio Tower off Blue Mt Road	Radio Tower
Robin Hill Farm County Park	Robin Hill
River Shelter to Camp Handy at Dungeness River	River Shelter to Camp Handy
Silver Lake via Silver Lake Way Trail	Silver Lake via Way Trail
Slab Camp to Deer Ridge	Deer Ridge
Slab Camp to Duncan Flats	Slab Camp Duncan Flats
Sleepy HollowMt Zion	Mt Zion Sleepy Hollow
Sleepy HollowMt Zion	Sleepy Hollow - Mt Zion - Gold Ck
Sleepy HollowMt Zion	Sleepy HollowMt. Zion
Smokey Bottom - Boulder Creek	Smokey Bottom
Smokey Bottom - Boulder Creek	Smokey Bottom Boulder Creek
Spruce RR-East	Spruce Railroad via East Beach Rd.
Spruce RR-East	W Spruce RR (Lk Cres Lodge)
Spruce R.R. - West	Spruce RR - heading west
Steam Donkey Maple Valley Trails	Maple Valley Steam Donkey
Steam Donkey Maple Valley Trails	Steam Donkey - Maple Valley
Steam Donkey Maple Valley Trails	Steam Donkey Maple Valley
Steam Donkey Maple Valley Trails	Steam DonkeyM.V.Rocky Brook
Steam Donkey Maple Valley Trails	Steam DonkeyMaple Valley
Storm King	Mount Storm King
Switchback Trail Victor Pass Klahhane Ridge	Sunrise Ridge Victor Pass
Switchback Trail Victor Pass Klahhane Ridge	Switchback Trail to Victor Pass
Switchback Trail Victor Pass Klahhane Ridge	Switchback to Victor Pass
Timberton Loop at Port Ludlow	Pt. Ludlow: TimbertonTeal
Timberton Loop at Port Ludlow	Teal Lake Timberton Loop
Timberton Loop at Port Ludlow	Teal Lake Timberton Trails
Travis Spit	Travis Spit (+0.77@9:36)
Travis Spit	Travis Spit (8.3@2:30pm)
Tubal Cain Tull Canyon	Tubal Cain
Tubal Cain Tull Canyon	Tull Canyon
Tunnel Creek Valhalla	Tunnel Creek
Tunnel Creek Valhalla	Tunnel Creek - Valhalla
Verne Samuelson County Park Trail – P.A.	Verne Samuelson
Verne Samuelson County Park Trail – P.A.	Verne Samuelson Tr (Matt lead)
VictoriaCanada	Canada Day - take Coho to Victoria
VictoriaCanada	Canada Day
Voice of AmericaDungeness Recreation Area	Voice of America
W. ElwhaHerrick Rd. to Altair & Upper Dam Site	W Elwha - Herrick Rd to Dam Site
W. ElwhaHerrick Rd. to Altair & Upper Dam Site	West Elwha - Herrick Road
W. ElwhaHerrick Rd. to Altair & Upper Dam Site	West Elwha Dam Site
Waterfalls	Five Waterfalls
Whidbey Island	Whidbey Island for Camas
Wolf Creek - 12 Way Down	Wolf Creek
