		4th Quarter Hikes 2026 (SOThH)							
									
									
Month	Wed	Hike	Leader / Shadow		Month	Fri	Hike	Leader / Shadow	
Oct	7	McDonald Creek	Barb		Oct	9	Griff Creek	Lori	
	14	Little River	Lori		16	North Fork Sol Duc	Paul	
	21	Olympic Adventure Trail	Julie		23			
	28	Spruce Railroad	Peg		30			
Nov	4	Glines Canyon Dam via Whiskey Bend	Barb		Nov	6			
	11			13			
	18			20			
	25			27			
Dec	2	Heart of the Forest	Bev		Dec	4	Barnes Creek	Bev	
	9	Karpen Road to Elwha Dam	Bev		11	Lake Angeles	Bev	
	16			18			
	23			25			
	30			
